Name/Title,Ph. Number,Web Address/Email,Phys. Address,Why would you contact them?
Harry Potter,7-859-444,HP@MOM.gov,"12 Grimald Pl London, England",Dementor Infestation
180 Ministries,office: 303-985-1776,https://www.180ministries.net/,"Men: Denver. women;Women with children: 7750 6025 Rd, Olathe CO 81425 970-323-6013","Sober Living, Olathe: women and women with children"
"A Woman’s Place, Inc.",720-734-4348,https://www.abbycare.org/paid-family-caregiving/denver-co,"Aurora, Boulder, Castle Rock, Centennial, C/S, Denver, Evergreen, Ft. Collins, Greeley, Lakewood, Longmont, Loveland, Pueblo, Thornton, Westminster",Medicaid pays for parents of kiddos with disabilities to become certified nurse assisstants and get paid by Medicaid for taking care of their children.
Abby Care,719-246-0170  719-597-5110,alifeunited.org,"76 S Sierra Madre St, Colorado Springs, CO 8903","family preservation, intense family services, supervised visitation, therapeutic visitation, advocacy, life skills-adolescent- intense, youth development project, removal prevention, youth mental health first aid, sexual abuse intervention, child and family therapy, hunger prevention program, divorce and family mediation services"
"ADD Staff, Inc.",888-200-4005,adoptuskids.org  info@adoptuskids.org  espanol@adoptuskids.org,No phys address???,National project that supports child welfare systems and connects kids in foster care with families
Adopt Us Kids,719-428-6100,https://adultcommunityservices.com/,"5390 N Academy Blvd #200, Colorado Springs, CO 80918","Case Management, Life-skills, In-home therapy for adults/seniors with mental health"
Adult Protective Services,,http://www.ascasupport.org/events.php,,Support group list for people that have survived childhood abuse
Adult Survivors of Childhood Abuse,(719) 212-1254,https://www.psychologytoday.com/us/groups/adults-molested-as-children-colorado-springs-co/191417, ,Support Group for Men that survived molestation as children-non offending
Adults Molested As Children Group,702-883-5155,hookersforjesus.net        pinkchair.org ,,"Advocacy Services for domestic or sexual violence, human trafficking survivors: one-on-one support; safety plans; education about violence; support groups; financial, legal, and housing options; referrals for additional support services"
Aerial clinical services,719-260-6110,719-301-2229   Fax: +1-888-302-6356  https://arielcpa.org/,"2145 Academy Cir, Colorado Springs, CO 80909","Adult services: adults with IDD-residential services w/diff levels of support, vocational services, day program, behavioral services, therapy. WAIVERS: HCBS-DD, HCBS-SLS, HCBS-CES. Children resource database."
Al-anon/alateen,719-632-0063,303-777-5482   https://al-anon-co.org/service_centers/pikes-peak-al-anon-alateen-service-center/,"10 Boulder Crescent St, Ste 203C, Colorado Springs, CO 80903","Alcoholics anonymous, alcoholics anonymous for teens as well"
All Breed Rescue and Training,(719) 264-6460,http://haveanicedog.org/,"410 1/2 E Fillmore St, Colorado Springs, CO 80907","All Breed Rescue & Training (ABRT) is a 501(c)(3) nonprofit dog rescue and training organization based in Colorado Springs. Since 1994, we’ve been rescuing, rehabilitating, and finding forever families for dogs deemed unadoptable and facing euthanasia. Our 98% adoption success rate proves that our positive reinforcement- and relationship-based training works. And we offer this training to the whole community—our many on-site, certified, trainers can help make your canine a happy member of your family, always."
Almost Home,303-659-6199,https://www.almosthomeonline.org/,,"Services for Adams, Broomfield, Sourthern Weld Counties housing resource database; emergency assistance, guaranteed income for older adults, housing navigation center, housing stability program, emergency family shelter, severe weather program, street outreach program, respite housing program, rapid re-housing programs, workshops"
Angel Tree,719-382-1182,https://saangeltree.org/,"May change for this year, 208 Cunningham Dr, 80911","Provides Christmas gifts through Angel Tree to seniors and children in need. Once you have been accepted into the program an Angel will receive your submitted Christmas Wishlist and donors in the community will purchase the new clothes and gifts. Requirements: provide photo ID, proof of residence (envelope?) id for child (birth certificate), detailed info about your request"
Angel's of America's Fallen,719-377-7352,http://www.aoafallen.org/,,"""Angels of America’s Fallen is a 501(c)(3) that empowers children of fallen military, police, fire, and EMS heroes by engaging them in positive activities throughout their entire childhood. We support the children not just one time, but through a commitment to see them engaged positively in healthy activities such as sports, music, and other arts all year, every year, all the way through 18 years old without having to reapply. These provided activities have coaches or instructors who can help provide some positive mentoring the children are missing without the guidance and support of their fallen hero. We also provide trauma-informed client-centered case management, peer support for the surviving parent and children, outreach and referrals."""
Arkansas Valley Resource Center,719-384-7764,https://arkansasvalleyresourcecenter.org/,"Bent, Crowley, & Otero Counties, CO","24/7 crisis line, peer & group counseling, legal advocacy, children’s counseling, financial assistance, advocacy, & emergency shelter."
Army Community Services,(719) 526-4590,,"6303 Wetzel Ave Bldg 1526 Fort Carson, CO 80913","Boot Camp for New Dads (3 sessions), Nuturing Parenting Program, Infant Massage, Baby Nuturing (0-18months), Cooperative Parenting through Divorce, Playgroups every Friday 10am-Noon"
ASCA,,https://www.ascasupport.org/     info@ascasupport.org ,,"Adult Survivors of Child Abuse support groups, materials, resources, meetings"
Ascend Center,719-328-2200,https://gazette.com/news/local/new-ascend-center-in-colorado-springs-a-hub-for-helping-at-risk-youth-rise-above/article_9b2a55b0-dcf2-11ef-b3f6-1feb9f67e42f.html,"1600 N Union Blvd, 80909",Assistance for at-risk youth for building up the entire family to help the children start to thrive
Assisstance League,719-475-1029,https://www.assistanceleague.org/colorado-springs/   assistanceleague@al-cos.org,"405 S Nevada Ave, 80903","Family and children assistance, children clothing for school, hearing tests for class, for kids coming of age and out of the system a mattress box spring frame and bedding for first place, stuffed bear for kiddos surviving trauma; thrift store bargain box"
Atlas Prepatory Grade School,719-559-7737,https://www.atlasprep.org/,"1515 Pulsar Dr, 80916","Tuition free school, bi-lingual, public charter school, teaches core curriculum, trade skills"
Atlas Prepatory High School,719-302-2002,atlasprep.org,"1450 Academy Park Look, 80910","Tuition free school, bi-lingual, public charter school, teaches core curriculum, trade skills"
Atlas Prepatory Middle School,719-358-7196,https://www.atlasprep.org/,"1602 S Murray Blvd, 80916","Tuition free school, bi-lingual, public charter school, teaches core curriculum, trade skills"
Baldwin Library of Historical Children's Literature,,https://ufdc.ufl.edu/collections/juv/,,Free access to scanned version of many historical children's literature
Best Buddies,800-892-8339,https://www.bestbuddies.org/colorado/,"Aurora, CO",National organizatin that pairs those with autism in high school with friends for socialization and companionship
Black Resilience in Colorado BRIC,303-300-1790,http://denverfoundation.org/BlackResilience,Denver Colorado,"Established on Juneteenth (June 19), the Black Resilience in Colorado (BRIC) Fund explicitly directs resources to address systemic racism and its impact on Black communities across the seven-county Metro Denver region. BRIC is designed to support Black-led and serving nonprofit organizations. Through the Fund, nonprofits will have opportunities to leverage community assets, build organizational capacity, and secure resources during times of crisis."
Black Youth Success Movement,,https://www.cornerstonemovement.org/    https://www.cornerstonemovement.org/contact-us,https://www.cornerstonemovement.org/bysm,"Children of Color, poverty, inequities in most categories of well-being (housing, nutrition, transportation, child care, education, health care, wealth, incarceration, career opp and economic stab). First focus: education equity and success"
Boys and Girls Club of America,719-570-7077  719-473-3490  719-570-6242,https://www.bgcppr.org/,1307 Aeroplaza Dr/805 Praderia Ave/ 1455 S Chelton Rd,"Youth arts, education and career development, character and leadership development, health and life skills, sports, fitness and recreation"
Boys Town National Hotline,800-448-3000,,,"The Boys Town National Hotline is open 24 hours a day, 365 days a year and staffed by specially trained counselors. Parents, teens and families can find help with a range of issues including abuse, anger, depression, school issues, bullying etc."
Brad's House,,https://www.bradshouse.net/,,Youth Group home for at-risk youth
Breakthrough Type 1 Diabetes,303-955-1282,breakthrough1d.org,"720 S Colorado Blvd Ste 430-N, Denver CO 80246","Resource Database, forum, care packages for kids, adults, information, "
Bright by Three,303-433-6200,earlychildhoodframework.org,"2605 Martin Luther King Blvd, Denver, CO, 80205","worked with parents and caregivers to enhance early childhood development, helping them create nurturing and responsive relationships and connecting them to valuable resources in their community. During 2018, Bright by Three collaborated with over 500 partner organizations to deliver our visitation and Bright by Text (BBT) programs"
Bright Future Foundation,970-949-7086,https://mybrightfuture.org/,"Avon, CO","24/7 crisis line, emergency shelter, housing program, behavioral health services, legal representation, youth advocacy & mentorship, sexual assault examination/forensic nurse support, & education"
Brighter World,970-875-6984,brighterworldcac.org   office@brighterworldcac.org,"465 Anglers Drive, Ste C Steamboat Springs 80487",Child advocacy for forensic interviews after traumatic (sometimes sexual) experiences
Bryson's Chase Foundation,,https://www.koaa.com/news/positively-colorado/mother-son-create-nonprofit-to-help-raise-funds-for-mental-health-resources,,have health coaches and licensed clinicians that are going into the different school districts and seeing students and providing resilience-based services.
Care Coordination,719-575-8998,heacares@elpasoco.com  https://www.elpasocountyhealth.org/appointments-adults-children-families/care-coordination-community-resources/,1675 W Garden of the Gods 80907,"Food, child care, behavioral health providers, transprot, housing, rent, utilities, pcp, medicaid app, food access, covid 19 info"
Care House-thru Lutheran Family Services Rocky Mountains,719-227-7571,https://www.lfsrm.org/Visitation-Safe-Exchange,"10/ East St Vrain St, Ste 21, Colorado Springs, CO 80903","Family Visitation, foster care, kpc respite center, safecare-parent suport, adoption, pregnancy options colorado, refugee and asylee, imigration legal services"
Care Options for Kids,,https://careoptionsforkids.com/,,"Pediatric home care (from basic to medically complex care), pediatric therapy (speech, occupational, physical), school based services (hybrid, remote, in-person therapy), adult home care (personal, companion)"
Career One High School,719-531-6333,https://pikespeak.careeronlinehs.org/how-it-works/,https://ppld.org/cohs,Career Online High School (COHS) is an online high school diploma and career certification program funded by Pikes Peak Library District. Residents living within the Library District’s service area who have completed eighth grade and are age 18 or older are eligible to apply. Ready to get started?
Career Online High School,719-531-6333,https://ppld.org/cohs,https://pikespeak.careeronlinehs.org/how-it-works/,Free online GED/high school diploma sign up page
Cars for heroes,,https://cars4heroes.org/   https://cars4heroes.org/contact-us/,,"car/vehicles for Veterans, active-duty military, spouse of military, kid of vet/active-duty under 19, spouses of active/vet injured or handicapped in action"
Cases of Love,,https://www.facebook.com/CasesofLoveSuitCasesForFosterKids/?__cft__%5b0%5d=AZUe1oekhGUaul3ZlUVBpwbT4PD3xB2Z_skliwjjqanXeSxri786eKHZ9rGUNWWNTWbpO9YTMCgmLOp9VzCBA6iQ8vRi6vkdQjzaDvaYAxzVfcrEvMCfu7Z2CfzhuskTj5T83kBpqNbfsvQ5dmMD890qobT-QUPT23RLduGRWbRIgzEnY0m4ZrUsnZPOnPBGfcs&__tn__=kK-R,Colorado Springs,Suitcases and duffel bags and unopened hygiene products school supplies for foster kids
Catapult Learning,800-841-8730,,info@catapultlearning.com,"Catapult Learning, a division of FullBloom, provides evidence-based intervention programs for students and professional development solutions for teachers in K-12 schools across the country. We partner with 500+ school districts to produce positive outcomes that promote academic and professional growth."
Catholic Charities Marian House & Hanifen Center,719-475-7314 719-636-2345,ccharitiescc.org,14 W Bijou St. 80903,Shelter/Housing/Soup Kitchen/bus pass assistance/Family Immigration Services/rent/legal assistance/gas cards/id voucher
Catholic Relief Services,877-435-7277,https://support.crs.org/donate/help-around-world-2?ms=agigoo0924bge00gen01&gad_source=1&gclid=CjwKCAiAl4a6BhBqEiwAqvrquhQ5rymxbeeY5zspXrsS9jZJFE2G8LpJC-jjxYhkRp64_Uy8lVgqghoCykUQAvD_BwE,info@crs.org,helping feed kiddos and families around the world
Centre de Familia/Family Center,719-227-9170,https://thefamilycenterfc.org/,1645 S Murray Blvd 80916,Spanish speaking family center for resources
Chapter 33-Transferred Post-9/11 GI Bill benefit rates,,https://www.va.gov/family-and-caregiver-benefits/education-and-careers/transferred-gi-bill-benefits/rates/,,Rate of college tuition/etc you could get for your service
Charities' Hope,719-332-2360,https://www.charityshopecs.org/   CONTACTUS@CHARITYSHOPECS.ORG ,"201 N Chelton Rd, Colorado Springs, CO, 80909","Food, clothing pantry, rent, utilities, resume, job assistance, school supplies"
CHFA Firststep (Plus) (Targeted),,chfainfo.com/participating-lenders/single-family/Pages/Programs-Forms-CHFA-FirstStep.aspx, ,"Minimum $1,000 dowpayment required, can be paired with CHFA downpayment assistance grant or loan (Plus), special financing in targeted areas"
CHFA Home Access Program for Veterans and People with Disabilities, ,chfainfo.com/participating-lenders/single-family/Pages/Programs-Forms-CHFA-HomeAccess.aspx, ,"Max amount: first mortgage plus up to $25,000 down payment or closing cost assistance. Below market first mortgage, additional $25,000 in assistance with 0% interest and payments deferred until end of first mortgage"
CHFA Preferred (Plus) (VLIP),,chfainfo.com/participating-lenders/single-family/Pages/Programs-Forms-CHFA-Preferred.aspx, ,"30 year, fixed rate conventional loan, only 3% downpayment required, reduced-cost mortgage insurance required, can be paired with CHFA down payment assistance loan (plus), can be paired with Very Low-Income Program (VLIP)"
CHFA SectionEight (Plus),,chfainfo.com/participating-lenders/single-family/Pages/Programs-Forms-CHFA-SectionEight.aspx, ,"Available to families already recieving Section 8 rental assistance, can be paired with CHFA downpayment assistance grant or loan (Plus)"
CHFA SmartStep (Plus) (Targeted),,chfainfo.com/participating-lenders/single-family/Pages/Programs-Forms-CHFA-SmartStep.aspx, ,"Minimum $1,000 dowpayment required, can be paired with CHFA downpayment assistance grant or loan (Plus), special financing in targeted areas"
CHFA SmartStep (Plus) (Targeted),877-509-2422,,,Call if you are worried about the health/wellbeing of a child/their upbringing
Child Community Services,719-440-6445,childcommunityservices.org,"5390 N Academy Blvd. #200, Colorado Springs, CO 80918 El Paso, Teller, Pueblo, Canon City, Fremont, Douglas, Denver suburbs","children counseling, crisis services, case management,  3 yo-17 yo"
Child Support Services,719-457-6331  719-457-6330  866-270-2606,www.elpasocountycss.com,"30 E Pikes Peak Ave Ste 203, 80903","Establishes paternity, orders support and enforces the order of support for child support payments"
Child Welfare Information Gateway,1-800-394-3366,childwelfare.gov,info@childwelfare.gov,"Child Welfare Information Gateway is your connection to trusted resources on the child welfare continuum. We provide publications, research, and learning tools selected by experts to support thriving children, youth, families, and communities. Resource database."
Children Safety Hotline/etc,1-800-843-5678,https://report.cybertip.org/index.htm;jsessionid=6C2033EE3967358D52C7660B0BD3AFBD.iwt1, ,Report missing children/child pornography
Children's Literacy Center,719-471-8672,childrensliteracycenter.org,,Tutoring for youth to teach tehm to read and read well.
Chins Up Program-Griffith Centers,719-636-2122,griffethcenters.org,17 N. Farragut Ave 80909,"Provides counseling and support services for families and children through a variety of programs. Therapeutic services focus on youth exhibiting antisocial behavior, drug use, aggression, criminal activity, inappropriate sexual behaviors, and low school performance. Services include individual, group and family therapy; testing and assessment; parenting classes; and vocational training. Family services include home-based therapy for high-risk families in crisis situations; foster care for children who have been victims of child abuse or neglect; and behavioral counseling."
Christlife Ministries,719-647-9235,http://mychristlife.org/,"2415 Lake Ave, Pueblo CO 81004","provides transitional housing, parenting programs, job preparation, peer navigation for substance abuse, and life skills."
Colorado Child Care Assistance Program,(719) 444-8178,https://cdec.colorado.gov/for-families/colorado-child-care-assistance-program-for-families,1675 W. Garden of the Gods 80907,Program designed to provide child care subsidies to low income families for child care when in an eligible activity.  CCAP
Colorado Child Protection Complaint,720-625-8640,https://coloradocpo.org/,"1300 Broadway, Ste 430 Denver, CO, 80203",Colorado CPS complaint department
Career Advance Colorado,303-620-4000,https://cccs.edu/press-releases/colorado-community-college-system-launches-free-training-for-in-demand-jobs/,Denver CO 80230,"Might be defunct Free training for construction, education, early childhood education, firefighting, forestry, law enforcement, nursing, resource database"
Colorado Center for the Blind,303-778-1130,cocenter.org,"2233 West Shepperd Ave, Littleton CO 80120","Resources, employment, independence training for adults and children, college readiness, enrichment classes, youth programs, camp for kids, independent living, support groups, technology training, cane travel, taking charge program"
Colorado Early Intervention Program,888-777-4041   800-799-5876,https://cdec.colorado.gov/early-intervention-for-infants-and-toddlers,"710 S Ash St. Denver, 80246","child care search, family resources/support, resource database, application for child care assistance programs"
Colorado Kids Belong,info@cokidsbelong.org,https://americaskidsbelong.org/states/co/,"1151 Eagle Dr #464, Loveland CO, 80537",Foster parent resource database
Colorado Legal Services,719-471-0380,https://www.coloradolegalservices.org/,"102 S Tejon, Ste 430, C/S, 80903","Colorado legal services: consumer, housing, family, landlord, tenant, default judgement, court forms, annulment, civil union, common law, divorce, id voucher problems/difficulties"
Colorado Network for Developmental Disabilities,719-344-8015,https://www.facebook.com/people/Colorados-Network-for-Developmental-Disabilities/100063832877868/#,UNK,Assists students with developmental disabilities to be included in schools
Colorado Parentz,,https://www.facebook.com/groups/575812951398356,,Facebook group for Colorado moms and dads to trade/free items to the local community
Colorado Preschool program,303-866-5223,universalpreschool@state.co.us   https://upk.colorado.gov/register?action=apply&subsidyProgramId=bcbc3d9b-5761-4514-9bae-b875bcd69c3d&redirect_url=/applications/bcbc3d9b-5761-4514-9bae-b875bcd69c3d/new,M-F 8a-8p,Preschool vouchers for those in need
Colorado Respite Coalition,303-233-1666,https://www.coloradorespitecoalition.org/,"393 S Harlan St Ste 250, Lakewood CO 80226","Resource database; Colorado Respite Coalition exists to encourage caregivers to take a break. Our vision is that all Colorado family caregivers have access to quality respite care resources—resources that allow them to take a break from caregiving—through a sustainable network that promotes collaboration and innovation. Training and education for caregivers, networking and support for professional caregivers"
Colorado Safe Haven for Newborns,1-888-510-BABY 2229 (can text),https://coloradosafehaven.com/,"18121 E. Hampden Ave, Unit C #232, Aurora Colorado, 80013",When you want to give up your baby anonymously
Colorado School of Mines,303-273-3000,https://www.mines.edu/,"1500 Illinois St, Golden, CO 80401",Lake County: helping lower utility bills by upgrading outdated systems for low income families and those in trailer parks
Colorado Springs Mom Collective-Family Connections-Catholic Charities,719-531-9400,https://cospringsmom.com/directory/listing/peak-parent-center?tab=related&view=map&category=0&zoom=15&is_mile=0&directory_radius=0&sort=oldest&p=1#sabai-inline-content-related,"917 E Moreno Ave Ste 140, 80903","Map of parent centers, fun events calendar"
Colorado Springs Therapeutic Recreation Program,719-385-5940,https://coloradosprings.gov/trp,"1628 W Bijou St, Colorado Springs CO 80904",Opportunities for youth and adults with disabilities to acquire skills that enable them to participate in leisure experiences of their choice and enhance their abilities to function within a community setting
Colorado Supervised Parenting,303-669-0978,https://www.coloradosupervisedparenting.net/what-we-do,coloradosupervisedparenting@gmail.com,"off-site supervised parenting, in-home supervised parenting"
Community Action Partnership,,https://communityactionpartnership.com/our-impact/,,"Resource Database. Embodying our nation’s spirit of hope, America’s Community Action Agencies are a robust state and local force – reaching children and families in 99% of our nation’s counties with life-changing services, from early childhood education to job training services for seniors."
Computers with Causes,720-278-7725   888-228-7320,https://www.computerswithcauses.org/computer-donation-colorado/,"6035 E 38th Ave, Denver, CO, 80207","Tech classes, internet devices, recycling old tech, internet solutions, tech support for all low income/not for profit/families and individuals, tax deduction mentioned for donations   NFP that gives computers, internet tech/etc to under priviledged families/individuals/nfp/schools/etc"
Concrete Couch,,concretecouch.org      facebook.com/concretecouch,Colorado Springs,"Aiming to help different groups come together and work as a team on a project, their mission statement is “to work with kids and community groups to create public art, to build community, and to create environments and experiences that humanize our world.” With tons of different projects completed across the community by diverse volunteers, they seem to do just that. Here, we speak with Steve Wood, Founder and Director of the Organization, as well as Colorado College alum."
Cornerstone Movement,,https://www.cornerstonemovement.org/    https://www.cornerstonemovement.org/contact-us, ,"Children of Color, poverty, inequities in most categories of well-being (housing, nutrition, transportation, child care, education, health care, wealth, incarceration, career opp and economic stab). First focus: education equity and success"
Court Care,719-452-5499,http://www.courtcare.org/,270 S Tejon St 80903,"Day care center providing free services at the courthouse including snacks, books, licensed child care, and activities for children while parents are in court"
Covenant House,1-800-388-3888,covenanthouse.org,,"24 hour helpline for homeless youth. Deals with a wide range of issues, including bullying, suicide, basic needs, health, sex, drugs and alcohol and sex assault; youth homeless shelter"
CPCD,719-635-1536,https://www.cpcdheadstart.org/,2330 Robinson St 80904,Free preschool
CWLA Child Welfare League of America,202-688-4200,cwla.org,"Washington, DC   cwla@cwla.org","Child advocacy, training for parents, resource database, consultation for child facing agencies, Relias partnership"
Dale House Project,719-471-0642,dalehouseproject.org,"7 W Dale St, Colorado Springs, CO 80903","Offer assistance and places to live for young adults leaving foster care without permanent placement with transitional housing, youth employment, transition services, volunteers"
Dave Thomas Foundation for Adoption,1-800-ASK-DTFA,davethomasfoundation.org  ,"Dublin, OH, 43016  info@davethomasfoundation.org",Foundation to help with adoption and to prepare both parties for their new family
Deerfield Hills Community Center,719-385-5996,http://www.coloradosprings.gov/Deerfield,"4290 Deerfield Hills Rd, Colorado Springs, CO 80916","Mobile food pantry, everyday eats (application: https://coloradosprings.gov/system/files/2024-06/everyday-eats-application-english.pdf), elementary before and after school program in HSD2 Elementary youth programs parent handbook, community playgroup, fun events for kiddos"
Defend the Fatherless,,https://www.defendthefatherless.org/,,"Offers mental health 'scholarships' to those from foster/adoptive/kinship families whom are seeking mental health services for any member of the family-providers of choice. Religious organization that offers male mentorship to those that are lacking a paternal influence concerning support and community for the emotional, educational, financial and spiritual need of the families."
Destinations Career Academy of Colorado,800-705-1528,https://codca.k12.com/,8601 Turnpike Dr Ste 100 Westminster CO 80031,"Tuition free public school; Destinations Career Academy of Colorado (Destinations) is a public online school, authorized by Julesburg School District and the CO Department of Education, approved by the NCAA, and serves students living across the entire state of Colorado. Destinations, powered by K12, helps students in grades 4–12 get a jump-start on their college and career dreams by combining dynamic core academics with authentic college and career exploration in over 20 approved Career and Technical pathways."
DIFRC Denver Indian Family Resource Center,720-500-1020,difrc.org,"1330 Fox Street, Suite 3, Colorado Springs, CO 80204",Family Resources for Native American Descendents in the child protection system; resource database
Disability Caregivers,,https://acl.gov/ltc/costs-and-who-pays/what-is-long-term-care-insurance,,Long-term care insurance (instead of medicaid); paid family leave-contact state labor office; local area agencies on aging; vet programs; resource/how-to guide
DOLA Local Community Funding Deadlines,,https://lookerstudio.google.com/reporting/6bf90675-163a-4c84-9eb8-eef9779be136/page/T7j0C,,"Funding deadlines for housing, food, job services, medical, native populations, rural development, youth/family, veterans, transportation"
Dream Center's Mary's Home,719-301-5411 719-247-2007,dreamcenters.com,4360 Montebello Dr Ste 900,"Housing/Shelter for women and children; women's health clinic; single mothers exiting homelessness; emergency housing, women free clinic"
Dungarvin Colorado,303-423-7660,dungarvin.com,"4704 Harlan St STE 150, Denver, CO 80212","A little about us: Dungarvin is a national organization of privately owned companies that are dedicated to providing high quality, community-based supports to people with varying support needs. Dungarvin provides a variety of individually tailored services and supports under the Medicaid Home and Community Based Waiver. Other services provided include day services, supported employment, case management, supported foster care, children’s services, respite care, host homes and supports for persons with traumatic brain injury and mental health needs in several states.  Our quality services are flexible and responsive to individual needs and choices, while maintaining the fiscal integrity that ensures the long-term stability and security every person expects and deserves."
Early Connections Learning Centers,719-632-1754,earlyconnections.org,"104 E Rio Grande St, C/S, CO 80903","Children aged 6-16 years old: offering nationally accredited programs featuring a literacy-focused curriculum, family support activities, nutritious meals and snacks, physical and behavioral health support, and a team of highly qualified professionals."
El Grupo Vida,303-335-9875,elgrupovida@gmail.com     https://elgrupovida.org/en/home/,"3443 S Galena St, Ste 120 Denver, 80231","Hispanic/Latinx parents group formed to provide mutual support for people with disabilities or special needs, their parents, family and guardians"
"El Paso County ""Turnkey Plus"" Mortgage Program", ,admin.elpasoco.com/economic-development/single-family-turnkey-mortgage, ,"Maximum amount: 5% of mortgage amount as a grant, 0% interest, 50% of DPA forgiven over first 5 years with remaining 50% forgiven at year 30, no first-time homebuyer requirement"
Empowering students through accessible tech with an ipad pro,,https://www.donorschoose.org/project/empowering-students-through-accessible-t/8906677/?utm_source=dc&utm_medium=nextdoor&utm_campaign=project&utm_term=teacher_9236481&rf=nextdoor-dc-2024-11-project-teacher_9236481&challengeid=22211700,,"Offers an Ipad pro to underprivileged kids, accepting donations"
Envision: You,303-214-2119,https://www.envision-you.org/,,"Provides crisis intervention and suicide prevention services to Lesbian, Gay, Bisexual, Transgender and questioning youth, multiple language options, online chat options"
Exceptional Family Member Program,800-342-9647,https://www.militaryonesource.mil/special-needs/efmp/,,Enroll your family member with special needs in EFMP to get the support you need to manage their care and services. For Military/Vets and their family
Experience Camps,,experiencecamps.org,,Camps across the nation that allows children who've lost one or both parents to go to camp at reduced or no charge
Families and Communities Rising,919-490-5577,fcrinc.org,"4220 NC-55 Ste 330, Durham, NC 27713","To educate and empower children, families, communities, and organizations by delivering unique educational and supportive services."
Families Matter,,Link to Families Matter Documents Folders Page,,"All rules and regs for child welfare, have to have access to access papers, all paperworks you could use"
Families Rising,,https://wearefamiliesrising.org/,,"Assist adoptive, foster and kinship families, educate child welfare professionals and champion the well-being of children and families"
Familly Resource Network CO,719-227-7477,https://familyresourcenetworkco.com/clinical-services/supervised-parenting-time,"5360 N Academy Blvd Ste 130, Colorado Springs, CO 80918","Resource Database, family visitation, CFI/Meditation, therapy (individual, family, couples), home studies, Contractual adoptive support services, to include home studies, pre and post placement services, and trainings, family preservation, supervised parenting time, classes such as first aid cpr, parenting classes, parent child interactions, life skills"
Family Attachment Center,719-632-3204,,"2913 Beacon St, C/S, CO 80907",Parent child therapy for attachment
Family Care Center,719-540-2100,,3 locats in C/S,"""Psychiatry & TMS, SUD; 
OP Counseling: All Ages, DBT, CBT, EMDR, Play Therapy"""
Family Connections,(719) 520-1019,https://www.ccharitiescc.org/family-connections-at-helen-hunt-campus/,2503 Holiday Lane 80909,"Provides high-quality, family- and child-oriented services for little or no cost. Also offer community trainings on child abuse/neglect issues, parenting, child development and shaken baby syndrome prevention."
Family Court Facilitators,,https://www.courts.state.co.us/userfiles/file/Self_Help/FamilyCourtFacilitators/FCF%20List%208_18_16.pdf, ,List fo all CO family court facilitators
"Family Crisis Services, Inc.",719-275-2429,https://www.familycrisisonline.org/,"Canon City, CO","24/7 crisis line, advocacy, emergency shelter, legal information & support, counseling, education, & emergency room support"
Family First Supervised Visitation and Exchange Services,719-358-0356,https://www.alignable.com/colorado-springs-co/family-first-supervised-visitation-exchange-services,1935 E Bijou St,"Ideal clients are those parents and/or guardians who are going through difficult times, be it Divorce, Separation, incidence of Domestic Violence or other situation of a criminal nature, where a need for a third party to supervised parenting time. Referrals can be court ordered or voluntary.."
Family Life Services,(719) 632-4661,http://flscs.org/,"1880 S Cascade Ave, Colorado Springs, CO 80905","Affordable Housing, single mom individual apartments"
Family Promise of Colorado Springs,719-329-1244,https://familypromise.org/  https://www.familypromisecos.org/ ,https://www.tfaforms.com/4903855 fill out to request VISPDAT with worker,"Shelter/Housing, helps to fill out VISPDAT; church volunteers to house families until they get on their feet, may not accept those with a criminal record"
Family Success Center,719-632-1543,https://www.ppunitedway.org/family-success-center/,"518 N Nevada Ave, C/S, CO, 80903","serve the entire family and empower community members to become financially stable, grow, and accomplish their goals. Visit us today at the FSC where we strive to uplift families through the strength of community collaboration. To speed up your enrollment process, click here:"
Family Support Center FSC,(719) 644-7511,https://fscautism.com/,6160 Tutt Blvd #120,"treatment of children and families impacted by Autism Spectrum Disorders. We understand that autism impacts the entire family and have designed a treatment program that offers support, education, treatment and a place of refuge for families."
Family Tree,303-420-6752,www.thefamilytree.org,"Denver, CO","24/7 crisis line, emergency shelter, legal advocacy, advocacy, parenting & housing support"
Family Tree Now,,familytreenow.com,,Source for looking up contact information for families
Family Voices,303-877-1747,https://www.familyvoicesco.org/,info@familyvoicesco.org,"Resource Database for family needs; resource navigation; education and training (medicaid 101, HCBS-home and community based service waivers, insurance appeals, medical home model of care, family engagement, funding, navigating systems of care); advocacy and policy; "
Federal Government Loan,,https://www.usa.gov/government-loan,,"List of links for federal loans for: students who need help paying for school; buying a home/home repairs, funding their business, needing support after a disaster, farmers and ranchers"
Feeding Friends,"1st and 3rd Thursdays, 10:30 am-when food runs out",,Mitchell High School 1205 Potter Dr 80909,Mobile Food Pantry
Financial Readiness Program,719-526-4783,https://myarmybenefits.us.army.mil/Benefit-Library/Federal-Benefits/Financial-Readiness-Program-(FRP),,"The Army's Financial Readiness Program (FRP) is available at every installation. Army Community Service (ACS) FRP teaches Soldiers in both classroom training & individual counseling sessions, how to save and invest their money, how to establish savings goals, debt elimination strategies, and saving for emergencies. Through partnerships with non-profit corporations, many of these tools and resources are provided online for those geographically separated from an ACS office. Contact your local installation ACS center or Family Service Center for more information."
First Visitor,719-632-5700,https://www.peakvista.org/services/first-visitor,,"Classes for parents to prevent sudden infant death syndrome (SIDS), abusive head trauma (AHT), or shaken baby syndrome (SBS); home mental health visits for yough children, program A: 0-12 months; probram B: 12-24 months; program C: 24-36 months; program D: 3-5 years. "
Flying Horse Foundation,303-660-3583,flyinghorsefoundation.org   info@flyinghorsefoundation.org,"9663 E Palmer Divide Ave, Larkspur CO 80118","assists at-risk and underserved children through equine-assisted learning. senior program serves residents who would enjoy getting out of their environment to experience the open skies, fresh and airy serenity; El Paso Couty, Douglas County resource database, foster and adoptive family resources, develpmental relationships framework, surrounding activities"
Focus on the Family,800-232-6459,focusonthefamily.com,"8655 Explorer Dr, Colorado Springs, CO 80920",Biblical resources for families in crisis
Folds of Honor,coloradopatriots.foldsofhonor.org,https://foldsofhonor.org/,"Parker CO closest branch, does come to springs coloradopatriots@foldsofhonor.org",Chapters that hold fundraisers that give scholarships to surviving children of first responders and military
Forge Evolution,719-475-7815 fax: 719-385-6202,https://forgeevolution.org/,"224 E Kiowa St Rm 230, Colorado Springs, CO 80903",Colorado Springs Teen Court; offers expungement of records for teens that finish their program. Resources that help prevent recidivism. Services covered by medicaid and chp and sliding scale; counseling in-person and telehealth; case management to teen and families.
Forget-Me-Not,719-922-7906,forgetmenotcc.com     info@forgetmenotcc.com,"1425 N Union Blvd C/S, CO 80909","for children with mental or physical disabilities: part/full-day therapy sessions that helps to increase verbal, non-verbal comm; improve social interactions and relationships; develop self-help skills such as potty training, eating, and dressing; reduce harmful behaviors such as aggression, self-injury, elopement, tantrums; improve cognition, learning and play skills"
Fort Carson Family Homes,719-526-1101,http://www.fortcarsonfamilyhomes.com/,Colorado Springs CO,Military homes on base for families
Foster Care and Adoptive Community,,fosterparents.com,,"foster parent guidance classes and support community, social worker/mft ceu credits and you can get all 40 hours from our courses-20 under each category!!!!!"
Foster Parent College,800-777-6636 fax: 541-343-0177,fosterparentcollege.com,support@fosterparentcollege.com,Various classes and resource database for foster parents
Fostering Hope Foundation,,fosteringhopefoundation.org     info@fosteringhopefoundation.org,"111 S Tejon St, Ste 112, Colorado Springs, CO 80903","Foster Parent support system for raising children with the following: volunteer 'aunts and uncles', home repairs, tutors, errands, play dates"
Fountain's North Pole,,unk...,,"gifts for students in Fountain-Fort Carson school district 8 prek-12th grade; student must attend AIM, Aragon, Conrad, ELC, Eagleside, FFCHS, FMS, Jordahl, Mesa, Welte/FFCOA"
Genesis Center of Hope,719-358-8132,https://www.gencenters.org/,"308 W Fillmore St ste 200, C/S, CO, 80907","A donation-based and volunteer-run non profit organization with a special partnership with Bed Bath and Beyond and Walmart. Our charitable store offers a variety of items, such as bedding, vacuums, fans, cleaning products, bathroom and kitchen supplies, school supplies, clothing, and more for individuals and families in need. There is no cost to participate in our program, but we do welcome monetary donations, of whatever shoppers can afford."
Goodwill Resources,,https://goodwillcolorado.org/services/,,"Resource database of what's offered by goodwill. Help with farmers/ranchers, developmental, aging challenges, independence in agriculture trade and commerce; job training and support, LEAP (low-income energy assistance program); information technology training A+ cert, network + cert and security + cert for comptia; career development services, youth education/career development, mentoring, soft skills, work opportunities for those with disabilities (custodial), child support/improved payments and child success (impacs 303-412-3150), educational and social integration for refugee youth (CLIMB 720-392-8242), work skills and family stabilization (colorado works/tanf), soft and practical skills training (self-esteem, self-motivation, personal responsibility and reliability, cultural diversity and acceptance 720-738-0001), day program for individuals with significant disabilities, day program for individuals with developmental disabilities (POSSIBILITIES), day program for seniors (VOYAGES), in0home care: your life your way, Senior move managers (things forgotten not gone, moving service to help seniors moving into aging community/etc); in-home support services, financial support to caregivers for loved ones with disabilities on medicaid (free medical benefits); residential services (individuals with developmental and age-related challenges to remain independent); transitional students support (one-on-one job skills development for preparation for graduation); commercial contract services for businesses. Donation pick ups"
Griffith Center,303-237-6865,https://griffithcenters.org/   info@griffithcenters.org,10190 Bannock St STE 120 80260,"Griffith Centers is a non-profit organization offering a full spectrum of mental and behavioral health services to care for populations who have experienced trauma and hardships to build resiliency, hope, and healing for those we serve. Advocate Kids Success/ASK school and truancy; specialized instruction for students in grades 3-12; outpatient mental and behavioral health services; adults with disabilities services; SUD substance use disorder services; supportive services"
Hands of the Carpenter,303-526-4488,https://www.handsofthecarpenter.org/,"16097 S Golden Rd, Golden CO 80401",Car repair/vehicles for single mothers
Harrison School District 2,,,,"Prospect Village, through 'We Fortify' will house 18-25 yo young adults facing homelessness ($600/month). Housing for its staff, 'Wendy's Village' ($800/month) "
Health Solutions,719-545-2746,health.solutions,41 Montebello Rd Pueblo 81001,"Multiple locations in Trinidad, Walsenburg, Pueblo (x2); residential program, family medicine, crestone recovery; childcare services"
Heart Gallery of America,,heartgalleryofamerica.org,,Helping kids in the foster care system find their forever homes/adoption
Helen Hunt Catholic Charities-Family Connections,719-636-2345 719-578-1222,https://www.ccharitiescc.org/tag/helen-hunt-campus/   FamilySupport@CCharitiesCC.org,"917 E Moreno St, Colorado Springs, CO, 80903","Family services, counseling, housing, preschool"
Home Partners of America,,homepartners.com,,"HPA works with qualified families to help them build their credit and save for a downpayment, HPA purchases a home that meets their criteria but is chosen by the family, family rents for 6 years with annual rent caps"
Homeward Pikes Peak,719-473-5557,homewardpp.org,2010 E Bijou St 80909,"Shelter/Housing, offers rapid rehousing options/funding/services, Homeward Pikes Peak, single mother housing with kids"
Honoring Fatherhood (Denver Indian Center),720-576-0022,https://6nz.1ae.myftpupload.com/honoring-fatherhood-program/,hfp@denverindiancenter.org,Resource for fathers of Native American Descent
Hope and Home,719-575-9887,https://hopeandhome.org/,4945 N 30th St 80919,Hope & Home trains and actively supports foster parents all across Colorado who feel compelled by Christ’s command to care for children in need.
Hunt Family Housing,719-866-6440,https://www.ccharitiescc.org/hunt-family-housing-capital-campaign/,BReimerbaum@CCharitiesCC.org,"New family shelter, temporary housing until a family can get into a more permanent housing situation."
I Matter,,https://imattercolorado.org/,,"Connects youth 18 and younger (and 21 ad younger for those receiving special education services) with a licensed therapist for up to 6 free counseling sessions! No insurance, credit card, or legal status information is required. In person and online."
Improved Payments and Child Success (IMPACS),719-500-9759,https://goodwillcolorado.org/services/,,"Goodwill’s IMPACS Program helps parents paying child support and their families overcome barriers to employment through supportive services and individualized case management. Approved applicants collaborate with Goodwill staff and community service providers (e.g., community colleges, workforce centers, etc.) and/or county human service departments to assist participants in securing gainful employment and maintaining their financial support obligations."
Independence Center,719-471-8181,theindependencecenter.org,"729 S Tejon St, 80903","Handicapable assistance; homeless assistance, civil rights for people with disabilities, Disability advocates, home health, CAN program, family payer program, Home Modification, reduced price bus passes, id voucher, non-sober housing voucher: Erika"
Infinite Hope and Restoration Ministries (IHRM),c: 707-712-7082 o: 719--698-0577,ihrministries.org   info@ihrministries.org,,"IHRM is a faith-based nonprofit 501(c)3 re-entry organization for women and mothers. IHRM's purpose is to provide support and resources to help women and mothers rebuild their lives and find hope after incarceration. For location details, call the numbers listed below to schedule an appointment."
Inside Out Youth Services,719-328-1056  719-315-1825,https://insideoutys.org/,"516 W Colorado Ave, Colorado Springs, CO 80905",A Colorado Springs organization that supports LGBTQIAKPN individuals that need a safe place to meet like-minded peers. They offer support to youth that are going through teh coming-out process and/or struggling with any other gender-related issues individuals may face
Interfaith Hospitality Network,719-329-1244,https://www.familypromisecos.org/interfaith-hospitality-network,"420 N Nevada Ave, Colorado Springs, CO, 80901","Shelter/Housing, parenting skills, case management community support, referral services"
Joint Initiatives for Youth & Families,719-630-0927,jointinitiatives.org,"123 E. Las Animas St., C/S, CO, 80903","military family resources, child health and behavior supports, finding quality child care, opening a child care business, early childhood workforce, resource database"
Judi's House,720-941-0331,judishouse.org,,"Judi’s House is dedicated to improving outcomes for bereaved families by strengthening our grief education and program evaluation. JAG Institute, affectionately named after our co-founder’s late mother, Judith Ann Griese, includes our training and research arms. In honor of Judi and all the families we’ve served, we prioritize sharing our findings to have a larger impact on the care grieving families receive in our country."
Justice Center C/S,719-473-6212,https://www.justicecentercos.org/apply    media@justicecentercos.org ,,Lawyer Referral: No court date within 6 weeks; priority persons: survivors of family violence; honorably discharged vets and dependants; active duty members; persons with disabilities; senior citizens; immigrants and refugees; persons with landlord/tenant issues
Karen Horgen Program,,https://www.familypromisecos.org/application,,One off rent and utilities assistance program
Kenzi's Causes,,https://kenziscauses.org/toy-shop-colorado-springs/,,"0-18 yo, registration yearly before December for that Christmas/Xmas to participate, each child will receive: brand new toy, a new small toy, a new stocking; must bring: large bag/something to carry your toys out with, birth certificates for each child you wish to shop for, a photo id for the parent"
Kid Power Colorado,719-520-1311,https://kidpowercs.org/,"2335 Robinson St, Colorado Springs 80904","Kidpower’s mission is to teach young people personal safety and confidence-building skills to reduce their risk of abduction, assault and emotional, physical and sexual abuse. Our programs are known worldwide for being positive, practical, safe and age-appropriate."
Kid's Closet Swap,,https://www.facebook.com/events/595272426387355/,4863 N Nevada Ave 80918,0-12 year old kid closet swap
Kids Care Too,719-458-0580,https://www.facebook.com/cokidscaretoo/      kidscaretoo.com,alasna111@gmail.com,Partnership with local businesses to provide warm clothes for homeless as well as blankets
Kids Crossing/Roundup School/R Fellowship,719-922-1483,https://www.kidscrossing.com/,,"Foster Care for kiddos, therapeutic foster care, in home services, educational support/tutoring, mobile crisis, TBRI, therapeutic services, financial support, trauma-informed work program, adult care"
Kiwani's Club of Colorado,719-510-3107,portal.clubrunner.ca/101951    morgan@springsliving.com,"3104 N Nevada Ave, Colorado Springs, CO 80907",www.facebook.com/pikespeakkiwanis   Charity that funds charities formed to help children specifically
KPC Respite Center,719-634-5439,https://www.lfsrm.org/KPC-Respite-Center,,"Young and infant daycare for parents, crisis prevention, crisis care for those children that cannot or should not be with their parent/guardian, for emergencies only"
Life Network,719-591-2609,https://www.elifenetwork.com/   admin@elifenetwork.com,"3700 Galley Rd, Colorado Springs, CO 80909","Free Pregnancy Services, parenting education, mentorship and counseling, teen suicide prevention"
Life Network Thrift Store,719-344-9904,https://lifenetworkthrift.com/about/   info@lifenetworkthrift.com,"5406 N Academy Blvd, C/S, CO, 80918","Free Pregnancy Services, parenting education, mentorship and counseling, teen suicide prevention"
Love is Respect National Dating Abuse Hotlin,866-331-9474,loveisrespect.org,"text ""LOVEIS"" to 22522","helpline for teens, parents, friends and family, peer advocates. All communication is confidential and anonymous"
Lutheran Family Services,719-227-7571,https://www.lfsrm.org/,"108 East St Vrain St, Ste 21, C/S, CO 80903   1515 N Cascade, Colorado Springs, CO 80907","Adoption, pregnancy options, disaster relief, foster care, family support and education, immigration legal services, older adult program, refugees and asylee"
Mental Health Colorado,720-208-2220,https://www.mentalhealthcolorado.org/,"303 E 17th ave Floor 4, Denver, CO, 80203","Strong start for all children, support for families, access to housing supports and services, wellness in aging, reduced potential for harm from alcohol and/or drugs; decriminalize mental health, end discrimination"
Mission Possible,719-635-9100,http://www.missionpossible.cc/,"1520 N Union Blvd. Ste 204, C/S, CO 80909","juvenile detention screening, detention services for juveniles, minority family advocacy, hifi wrap, family support partners"
Modest Needs,844-667-3776,modestneeds.org   doiqualify@modestneeds.org,"120 E 23rd St, FL 5 NY, NY 10010","Modest Needs is a tax-exempt charity where you can make small, emergency grants to low-income workers who're at risk of slipping into poverty and for whom no other source of immediate help is available. We have designed our programs to help those who work hard and have no where else to go for
assistance, as well as those who give back to our communities and country such as public school
teachers, first responders, veterans returning from service abroad and active duty military members.
Our aim is to support those who don’t generally qualify to receive assistance from conventional
agencies so that they don’t find themselves losing everything because of a short-term crisis.
"
Mothers against drunk driving,877-815-6899,https://madd.org/,,"If someone has been affected by an accident caused by a drunk driver, these people can help with resources for the affected party"
Mountain Community and Trust,719-447-9300,https://rmclt.org/,,Family housing resource
Mountain Post Santa's Workshop,719-650-1937,https://www.mountainpostsantasworkshopco.com/2024-applications,,"Provides gifts, books and games to children in need; Requirements: MILITARY only, ages 6 mo-12 years, active military, current LES and DD 1172-2"
Mr. Ballen Foundation,,https://mrballen.foundation/,,"A fund for victims of violent crimes and the families of the victims, only accepting referrals from our partner org or other victim advocacy professionals. Meant for victims of rape, genocide, homicide, violent crimes against children, sex trafficking, arson, or robbery resulting in death.To be considered, you must apply on the links provided under 'Report a Crime', 'Report Human Trafficking'."
Muslim Family Services of Colorado,303-298-8776 After Hours: 303-810-2185,https://mfscolorado.org/,"Aurora, CO","Advocacy, counseling, support groups, education, & emergency assistance (food, clothing, and short-term housing)"
National Center for Missing and Exploited Children,800-843-5678,,,
National Child Abuse Hotline,800-4-a-child 800-422-4453,or text childhelp to 847411,,Shelter
National Resource Directory,,nrd.gov,,Resource Database for military and their family to resources based on their location and need/category
Need Project,719-581-2404,needproject.org,contactus@needproject.org,Assistance and resource database for families with children with special needs
New Horizons,719-344-9433,http://newhorizonfamilyservices.com/,1702 E Pikes Pk Ave 80909,Youth and Family Counseling
Newborn Hope,admin@newbornhope.org,newbornhope.org,80901,Premature baby assistance
No Cost Drive Through Grocery Program,,,917 E Moreno Ave,Tuesday-Thursday at 3:00pm until food runs out and Saturday 12:00pm until food runs out; Family Connections through Catholic Charities
Office of Family Assistance,www.acf.hhs.gov/ofa,https://www.acf.hhs.gov/ofa,330 C St SW DC 20201,"Federal guide for grants and resources, native americans/healthy marriage and responsible fatherhood, tribal programs, indigenous resources/resource guide Native American family based assistance"
One Word at a Time,,https://www.onewordcommunity.org/who-we-are,,Not for profit that encourages literacy in children by connecting classes with authors for virtual visits; professional development opportunities for educators and caregivers; advocacy for independent reading and equitable access to books in schools and public libraries
Open Door Ministries,303-830-2201,odmdenver.org/,"1567 Marion St, Denver, CO 80218","Open Door Ministries offers housing programs, youth programs for all ages, leadership development, and outreach programs. They have an all-encompassing philosophy of finding what works for everyone in need. Contact their website for details on how to get involved."
Open Enrollment,,http://cde.state.co.us/choice/openenrollment,,Allows children to go to a school of choice if they are not in that district
Operation Homefront,877-264-3968,http://www.operationhomefront.org/,3726 E Pikes Peak Ave,Financial Assis. and home repairs to eligible service members and veterans. Rent/Mortgage/Utility/bills/baby items/car payments/car repairs/home repairs/major appliance repairs
Over the Rainbow Project,720-580-2696,overtherainbowproject.com,info@overtherainbowproject.com,"LGBTQ+ Re-entry support services: seeking safety, wellness recovery action plan, life skills, parenting, moral reconation therapy (MRT), art recovery, the art of drag, spirituality, recovery yoga, equine recovery therapy, themed group activities, individual therapy, peers"
P2P: Parent to parent of Colorado,877-472-7201,https://www.abilityconnectioncolorado.org/p2p-co/,,"1 to 1 trained support parent matching; private on-line discussions group comprised of more than 2,000 caregivers; additional online forum dedicated to caregivers of individuals with mental health and/or behavioral challenges; virtual support groups/book clubs/presentations; public policy advocacy opportunities"
Parent Center Hub,973-642-8100,https://www.parentcenterhub.org/welcome-to-the-naptac-library/,,Native American parental resources hub
Parent Child Interactional Therapy,,pcit.org/for-parents.html,,Parent=Child Interactional Therapy
Parent Smart Helpline,720-777-0123,,,"Free, 24 hrs with nurse, has to be witin Colorado, any medical questions"
Parents Challenge,719-306-8557,https://parentschallenge.org/  info@parentschallenge.org ,,"Overcoming history of educational failures by parental empowerment, scholarships and grants, student services, community engagement"
Partners in Housing,719-473-8890,partnersinhousing.org office@partnersinhousing.org,455 Gold Pass Heights 80906,"Single parent sober living (limited occupancy), furniture from donations (free), meets minimum employment requirements to get your benefits reinstated if DHS cancels them due to lack of employment"
PASCO Personal Assistance Services of Colorado,719-960-4995,https://pascohh.com/,6385 Corporate Dr Ste 303 80919,"Helps those with special needs/mental health needs by offering: training families for becoming caregivers/CNAs, in home support services, respite care, care plans that are client directed, veterans care/their spouses, private duty nursing, therapy for children and family, "
Pathways in DHS,,,,Helps Juvi Cases/Children
Peak City Athletics Camp Balagi CO-Jamil Cooks,719-661-7393,https://www.peakcityathletics.com/ info@peakcity-athletics.com ,"1650 S Circle Dr, Colorado Springs, CO, 80910",Youth Football camp and sober hang out
Peak Education,719-389-1249,peakedu.org,117 S Wahsatch Ave 80903,"Initially conceived as a scholarship-based incentive program, over more than two decades Peak Education has evolved into a mentoring and college access organization that provides long-term engagement with students and families focused on four strategies for success: developing college and career readiness, building students’ capacity for leadership, fostering full family engagement in their students’ journeys, and creating broad-based community connections."
Peak Parent Center-Family Connections- Catholic Charities,719-531-9400,peakparent.org/,"917 E Moreno Ave. Ste 140, C/S","Helping families with children with disabilities, resources, advcates,trainings, including Spanish resource library"
Peak View Behavioral Health,719-694-0220,https://peakviewbh.com/,"7353 Sisters Grove, C/S, CO 80923","Mental/behavioral/psychiatric assistance, inpatient and outpatient, for youth as well, detox, takes medicaid, tricare, medicare, private, cash"
Peak Vista,719-632-5700,https://www.peakvista.org/,https://www.peakvista.org/locations,"Will take patients even if they can't pay, free/sliding scale; https://www.peakvista.org/services/first-visitor : Our First Visitor program provides FREE, one-on-one support for parents and caregivers in the comfort of their own home. We provide emotional support, connect parents and caregivers with free community resources, and share information on health, nutrition, safety, and important developmental milestones. First Visitor partners with Zero To Three, a statewide organization that provides our evidence-based materials and together our purpose is to help make Colorado the best place to raise a child under the age of five. free home visits which include gift for baby/toddler, info on child development, dey tag w/ age-appropriate activities, community resources"
Pikes Peak  Family Success Center,719-632-1543,https://www.facebook.com/p/Pikes-Peak-United-Way-Family-Success-Center-61559749563332/,1520 Verde Dr,"Part of/vice versa of United Way; employment assistance, counseling, wrap around services"
Pikes Peak Chapter of American Red Cross,719-632-3563,https://www.redcross.org/local/colorado/about-us/Locations/southern-colorado.html?srsltid=AfmBOorrKN9-wVOi7T4ZXNKuNmrJ6dZOhKhkW2hLBDplQqs0gwD8PSC9,1040 S 8th St C/S 80905,"Helps with natural disasters, fires (personal and widespread); blood donation; military and their family members with challenges of military services; teaches cpr/first aid, lifeguarding, swimming, water safety and more."
Pikes Peak Region Family Child Care Association,(719) 475-8828,https://cosfamilychildcare.com/,,Resources to find licensed child care in El Paso County.
Pikes Peak United Way,719-632-1543,http://www.ppunitedway.org/,518 N Nevada Ave 80903,"Helps with family and youth with job oppor, mentorship, etc; resource database"
"Place, The (Youth Shelter)",719-630-3223 719-205-7129,theplacecos.org              https://coloradosprings.gov/fire-department/page/community-and-public-health-cares,"423 East Cucharras St, Colorado Springs, CO, 80903","Youth Shelter, offers rapid re-housing services, Street Outreach HUD"
Planned Parenthood,719-475-7162,https://www.plannedparenthood.org/planned-parenthood-rocky-mountains,3480 Centennial Blvd. 80907,"women's health care, men's health care, general health care, birth control, pregnancy (testing and services), HIV and STD testing, might offer financial assistance for Urinalysis"
"Precious Child, A",303-466-4272,apreciouschild.org,"7051 W 118th ave, Broomfield CO 80020","A Precious Child assists children and families facing difficult life challenges such as abuse and neglect, crisis situations and poverty. We work with more than 500 Agency Partners throughout eight counties, including Adams, Arapahoe, Boulder, Broomfield, Denver, Douglas Jefferson and Weld to identify children and families in the most need of our services."
Protect the Game,970-231-3672,https://www.protectthegame.org/,info@protectthegame.org,Giving vets a job by training them to umpire youth sports and creating more certified employees for sporting event authorities
Pueblo Works,719-922-1627,commwrks.org/pueblo-works,"525 N Santa Fe Ave, Pueblo, 81003","complete their job seeker workshop are matched with an employment coach who provides individualized job search assistance to include resume preparation, e-mail setup if needed, interview coaching, job leads, and community referrals for housing, transportation, healthcare, counseling, childcare, food and other support services. In addition, they provide life skills assistance to help address other issues related to success--financial management, time management, conflict resolution, anger management, parenting, reconciliation, and interpersonal communication skills. Call or email through the website link to get started. PuebloWorks is also able to provide free Lifeline phones."
Purple Star Schools,303-866-6600,competitive grants@cde.state.co.us,"Division of School Finance, Office of Grants Program Administration, 1525 Sherman St, Denver CO 80203",
Rachel Schiller,421,Family assistance program that connects healthy families with resources to help them flourish; juvenile Detention screening; Detention services for juveniles; Individualized Planning Session; Minority Family Advocacy; HiFi Wraparound; Family Support Partners,,
Reach Pikes Peak/Pikes Peak Community Action Agency-Family Connections Catholic Charities,719-476-1656,,917 E Moreno Ave,"PERMANENTLY CLOSED Financial assistance, help with taxes, Transition to Independence, rent, utilities, "
Reachout,800-448-3000 ,,,"TSite where teens and young aduts can find the information they need, reach out, tell their stories, and voice their opinions ""without fear of being judged or being different."""
Recovery Village at Palmer Lake,719-955-1800,palmerlakerecovery.com,"443 S Highway 105, Palmer Lake, CO 80133","Detox, Sub tx, detox, co-occurring, serious mental health illness/serious emotional disturbance in children; takes tricare, private insur, cash"
Riders 4 Children,719-659-4892,https://www.riders4children.org/,doug@riders4children.org,Motorcycle riders who participate in rides to donate the proceeds to Ronald McDonald House and other not-for-profits that benefit children and families since
Rise Above,,https://www.riseaboveco.org/,,"Stubstance misuse prevention organization that empowers youth to make healthy connections, decisions and change. Educational resources, community and friends"
Rise Up School,719-447-9333,rup.org,"5045 List Dr, 80919; 2121 E LaSalle St, Ste 100, 80909","Individuals with Developmental disability host home providers, child family caregivers (CNA???), Children's residential program for ages 5-18 who need help; school K-12; Adult Day program; adult residential program; adult family caregiver (CNA???); adult supported employment"
Rock Your Family,719-356-5619,,"1465 Kelly Johnson Blvd, 80920",Addiction Treatment Trauma & PTSD Adolescent Treatment
Rocky Mountain Human Servicesw,303-636-5600 844-790-7647,questions@rmhumanservices.org CMAQuestions@rmhumanservices.org  rmhs.org,"9900 E Iliff Ave, CO 80231 https://www.rmhumanservices.org/","Case management, direct services, flexible support for infants and toddlers, children and adults, veterans, rent, housing"
Rocky Mountain Immigrant Advocacy network,303-433-2812,https://www.rmian.org/,"7301 Federal Blvd, Ste 300 Westminster, CO 80030","RMIAN is a nonprofit organization that serves low-income adults and children in immigration proceedings. RMIAN promotes knowledge of legal rights, provides effective representation to ensure due process, works to improve detention conditions, and promotes a more humane immigration system, including alternatives to detention."
Rocky Mountain Kids,719-473-1818,http://www.rockymountainkidscs.com/,2210 E La Salle St 80909,"rockymountainkids@live.com   Youth Group homes, has 1 high foster home for boys 10-13 yo"
Ronald McDonald House,719-471-1814,https://rmhcsoutherncolorado.org/,,Helps house parents/families of children in the hospital
Rose Andom Center,720-337-4400,https://roseandomcenter.org/,"Denver, CO","Advocacy, children’s services, civil & criminal legal, medical, self-sufficiency, & counseling"
Safe Families for Children,773-355-5577   Fax: 773-355-5564,https://coloradosprings.safe-families.org/   info@safefamilies.net ,jstephenson@safefamilies.net ,"Prevent child abuse and neglect, strengthen and stabilize the family, reduce the number fo children going into foster care, partnering with churches where families open their homes to families in crisis"
Salvation Army (for families only)/Family Hope Center,719-578-9190 719-635-1287,coloradosprings.salvationarmy.org pstock.tsa@gmail.com https://www.salvationarmyusa.org/usn/home/#whatwedo,"709 S Sierra Madre St, Colorado Springs, CO, 80903","Families shelter (children under 18), 90 day facility, get housing, case workers ONLY IF IN PROGRAM; Fountain has more financial resources that C/S branch; holiday gifts, rent, utility, food, rehab, summer camps, disaster relief, lgbtqiakpn support, domestic abuse, elderly, job training, veteran, life skills, human trafficking"
Sanctuary Church-Children's clothing closet,719-634-7232,https://www.thesanctuarywestside.org/,"1930 W Colorado Ave C/S, CO 80904","Children's Clothing Closet, Shower house for homeless"
Santa's Little Hackers,,https://www.santaslittlehackers.com/,Application: https://toysignup.santaslittlehackers.com/,"Not for profit that offers toys to those entered into an annual drawing, they alter/sup up donated toys for children in need."
Savio House,(303) 225-4100,saviohouse.org,"525 E Uintah St, C/S CO 80903",Residential program; Providing in-home therapeutic treatment to children and their families is at the core of what we do; 
School Connect,719-428-5988,https://schoolconnectcos.com/,"310 S 14th St, C/S, CO 80904",School Supplies drive
Scope Diversus funded halfway house,719-332-4158  505-301-1522,,,Women that have emotional support animals/dogs welcome; might allow moms with kiddos soon
Scripps Howard Foundation,,https://scripps.com/fund/,,Combatting childhood illiteracy by giving books to kids for free
Servicios de la Raza,303-458-5851,http://www.serviciosdelaraza.org/,"Denver, Pueblo","Re-entry services, HIV & STI, essential services, youth leadership, victim services, employment and financial coaching, behavioral health, healthcare access, star community services for Latinx residents of Colorado"
"SET Family Medical Clinics (Service, Empowerment, Transformation)",303-458-5851,https://www.mountain.commonspirit.org/location/set-family-medical-clinics,"2864 S Circle Dr Ste 450, C/S, CO 80906","Adult physicals, behavioral health, daycare, school and sports physicals, dental hygiene, behavioral health. Bridging health care gaps for under served"
Sex Offender Solutions and Education Network,800-773-4319,https://sosen.org/,"2211 CR 400 Tobias, NE 68453","SOSEN Educate the public, the news media, law enforcement and legislators with the true facts about child sexual abuse   DEFUNCT???"
Shivers Fund,,https://shiversfund.com/our-story/,,"$1000 scholarship to deserving youth annually; grants for student participation in the music festival at Colorado College, the vocal arts symposium at Colorado College and C/S Children's Chorale; small grants for youth and organizations"
Signal Grant,888-607-4462         303-639-9320,signalbhn.org/,findcare@signalbhn.org,Grant for SUD; helps find SUD care providers and services as well as for behavioral health; colorado crisis services; children and youth mental health tx
Solid Rock Community Development Co,,solidrockcdc.com,"2510 Arlington Dr, C/S, CO 80910","Promoting tech literacy in youth; summer camp; affordable housing; food bank (free farmer's markets in area); Community investment trust, community hub"
Southern Colorado-CURE Colorado Springs,719-510-9797,spikeco558@wmconnect.com,"Community Corrections Bldg, 3615 Roberts Rd 80907-5301",Family of incarcerated support group
Special Kids Special Families  SKSF,719-447-8983,sksfcolorado.org           sksf@sksfcolorado.org,1915 Aerotech Dr.,"Foster care and adoption, wraparound services, respite care and daycare for children with disabilities and special needs. Joey's place adult center-activity center for adults with special needs and disabilities; residential host homes: caring and nurturing homes for adults with diabilities, behavioral health, transportation, mentorship, special olympics, home care, workforce development, education and training, veteran support services"
Spring bok Health,719-766-8511,1318 W Colorado   https://springbokhealth.us/,265 S Joe Martinez Blvd,"ADHD, anxiety, stress related illness, bipolar, depression, TBI, OCD, personality disorder, learning problems, schizoaffectiveschizophrenia, mental health coach, dv, SUD, substance abuse, developmentally delayed or disabled, grief and loss, children and adolescents, behavioral/family/va health court, expert witness consultations"
Spring Creek Youth Services Center and Zep Pike Youth Services,720-625-8650 1-866-276-8646,https://cdhs.colorado.gov/our-services/youth-services/residential-youth-centers/spring-creek-youth-services-center, ,SCYSC is a 45-bed secure treatment facility and assessment center for both male and female juvenile offenders committed to the Division of Youth Services (DYS).
Star Legacy Foundation,952-715-7731,starlegacyfoundation.org,MN,Offers support groups for mothers of stillborns
Street Petz-Colorado Springs Chapter,719-629-7389,https://www.facebook.com/StreetPetsColoradoSpringsChapter/,Monument Valley Park streetpetz.org,"violence prevention, mental health support, leadership program, school time program, food,            workforce development program"
Successful4Life Tutoring Services,303-330-9464,https://www.success4lifetutoring.com/    Chad.Ducklow@Success4LifeGED.com,"Success4Life Tutoring, Inc. 1232 Bergen Pkwy, Ste. #205, Evergreen, CO 80439",provides daily tutoring for Galileo middle school students and others referred to the center
Supervised Exchange and Parenting Time,719-447-9898,https://www.casappr.org/programs/sept/,"418 S Weber St, Colorado Springs, CO 80903 8","CASA (Court Appointed Special Advocates) of the Pikes Peak Region is a volunteer-based nonprofit organization serving El Paso County and Teller County that trains and supervises volunteers to represent the best interests of our most vulnerable citizens – victims of child abuse, neglect, and severe domestic conflict. CASA volunteers are appointed by judges to be a voice for these children in court and in the community. The desired result is that children are placed into safe, loving homes where they can thrive."
Supporting Courts by Creating Opportunities for Recovery SCCOR,,https://sccor.net/,,"We are empowering individuals moving through the court system to have the support and services necessary to maintain sobriety, become rehabilitated, and contributing members of society so that they do not fall back into the cycle of incarceration.   SCCOR was created in 2019 as a non-profit to offer ancillary services and resources such as food, clothing, transportation, cell phones, baby food, and clothing to individuals and graduates of Problem-Solving Courts in El Paso and Teller County."
Supportive Services for Veteran Families SSVF,,https://www.va.gov/homeless/ssvf/ssvf-overview/,,"For very low-income Veterans, SSVF provides case management and supportive services to prevent the imminent loss of a Veteran's home or identify a new, more suitable housing situation for the individual and his or her family; or to rapidly re-house Veterans and their families who are homeless and might remain homeless without this assistance."
Teen Programs for Fun Stuff,,https://www.facebook.com/groups/CASAPPRTeenPrograms/,https://www.casappr.org/post/teen-events/,
Temporary Assistance for Needy Families,303-866-5700,https://cdhs.colorado.gov/colorado-works   ,"1575 Sherman St, Denver, CO 80203","Cash payment, schooling, training and jobs, elderly, disabilities, children, parents"
TGTHR,303-447-1206,https://tgthr.org/,1440 Pine St Ste B Boulder CO 80302,"Youth Homelessness not-for-profit, shelter, long-term housing, basic needs, employment, counseling, education"
The Rock Family Church,719-531-6600,http://www.rockfamilychurch.com/,"4005 Lee Vance Dr, Colorado Springs, CO 80918",General assistance in financial help
Trees for Troops,,https://www.christmasspiritfoundation.org/trees-for-troops,,"The mission of the Christmas Spirit Foundation is to advance the Christmas Spirit for kids, families and the environment through programs and activities."
Trevor Project,866-488-7386 ,"text ""TREVOR"" to 202-304-1200",,"Provides crisis intervention and suicide prevention services to Lesbian, Gay, Bisexual, Transgender and questioning youth, multiple language options, online chat options"
"Tu Casa, Inc.",719-589-2465,https://www.slvtucasa.net/,"Alamosa, CO","24/7 crisis line, filing of legal documents, assistance with accessing social services, emergency shelter, assistance with resource/financial applications, child advocacy, & prevention education"
Tutoring,,https://ppld.org/databases/helpnow,https://research.ppld.org/c.php?g=795779&p=6827699,Tutoring and test prep center for High School
United Methodist Church,,https://www.umc.org/en/how-we-serve,,"Church resources, car, bus passesdisaster relief, medical bills for kids, possibly help with car/vehicle repair/maintenance, hotel voucher in a pinch"
Universal Education Foundation,719-641-2017,https://www.universaleducationfoundation.com/,301 E Platte Ave 80903,"Since 1986, the Foundation has worked with children and their families to create a balance in the family unit. When balance does not exist, pain, anger, and fear are the result. Multiply this with all members of a family, the environment becomes explosive."
UpaDowna,719-429-9006,http://www.upadowna.org/,"335 Manitou Ave #5, Manitou Springs, CO 80829","Outdoor activities for families, events and programs that empower individuals to create healthier communities and foster a respect for the environment for kids and parents"
Urban Indian Health,303-953-6600,dihfs.org,"2880 W Holden Ps, 80204????","Denver Indian Health and Family Services (DIHFS) is Denver's only Urban Indian Health Program providing culturally appropriate care for American Indian and Alaska Native adults, children, and families. We serve primarily the Denver Metropolitan area including Adams, Arapahoe, Boulder, Broomfield, Denver, Douglas, Jefferson and Weld Counties. We are uniquely positioned to meet the health needs of our patients in a culturally competent way.  We provide a variety of services including primary care, dental care, behavioral health services, diabetes management/disease prevention, and enrollment in health insurance. We can also help connect you with community partners and resources for all your health needs!"
VA Survivors' and Dependents' Education Fund,,https://www.va.gov/family-and-caregiver-benefits/education-and-careers/dependents-education-assistance/,,Check if you're eligible for educational funds for veterans dependants and survivors 
Valley Hope,888-255-1967 785-877-5111,https://valleyhope.org/about/why-valley-hope/,"22422 E Main St, Parker CO 80138","Sober Living, free assessments for LOC diagnosis; ""RTC, IOP, Rehab - SUD + New Beginings - women w/kids and no insurance or Medicaid "", detox; takes tricare, private, cash, gov't funding for subs use tx"
Veteran's Crisis Line (Military and Family),800-273-8255 (Press 1)  988,veteranscrisisline.net,text to 838255,"24/7, multiple language options, options for deaf and hard of hearing, online chat option"
Victory Service Dogs,719-394-4046,https://www.victorysd.org/,"770 Wooten Rd Ste 103, C/S CO 80915","Service dogs for local veterans, first responders and children with disabilities"
Volunteers of America Southwest Safehouse,970-259-5443,https://www.voacolorado.org/gethelp-southernco-southwestsafehouse,"Durango, CO","24/7 crisis line, emergency shelter, resources, counseling, children’s services, life skills training, employment services, & parenting education"
Welcome COS,314-750-9263,https://welcomecos.org/,amy.schulte@welcomecos.org,"English language learning, job education and training/upskilling, community resource navigation, citizenship test tutoring, student tutoring and school navigation, cultural mentorship, small group curriculum focused on cross-cultural transition and resettlement, health and benefits navigation beyond 90 days, life skills training, guidance on affordable housing, in-kind donations, learning and networking opportunities for other working in the refugee sector, church education with a focus on refugee care"
Women Infant Children WIC,719-526-0466   719-578-3199,Monday 12:30-15:30,,Military WIC sign up on base??? Fort Carson
Women Partnering Programs,719-577-9404,womenpartnering.org info@womenpartnering.org,961 E Colorado Ave 80903,"Women and children resources, counseling, goal setting"
Woodmen Valley Chapel,719-388-5000 290 E Woodmen Rd,719-388-4916 8292 Woodmen Valley VW   woodmenvalley.org,719-533-6800 1681 Wagon Bow Way Monument   719-534-5215 1605 S Corona Ave,"Hospital visits, meal train ministry, sexuality struggles, marriage, relationship advice or counseling faith based, parent counseling, miscarriage/stillbirth/infant loss counseling; "
Young Life Service Center,719-381-1800,younglife.org,"420 N Cascade Ave, C/S, CO 80903",Not for profit that offers camping/retreats/etc for kids and young adults with christian values and ministries
Young Williams,,https://youngwilliams.com/#,,"Child support, housing assistance, SNAP, child care assis., TANF Student financial aid, LIHEAP, food, clothing, utilities, educational support"
Youth Connections of Colorado,,https://youthconnectionsco.org/,Chelsea Taylor-Youth Connections Director chelsea.taylor@raisethefuture.org 303-755-4756 ext 222,"Youth Connections strengthens the ability of educators and schools to provide a school culture and climate that meets the social, emotional, and academic needs of all students, including those who experience significant challenges. With a focus on social emotional development and career-connected learning, Youth Connections provides educators and schools with technical assistance, resources, and support to improve mental health, well-being, and resiliency for adolescents in communities across Colorado."
Youth Learning Resources ABC Mouse,,ABCMouse.com ,,10 and under age group
YWCA of Pueblo Family Crisis Shelter,719-545-8195,https://ywcapueblo.org/,"Pueblo, CO","24/7 crisis line, emergency shelter, counseling, legal advocacy, legal support, resources, & education"
Zac's Legacy Childhood Cancer Fund,970-330-9000,http://zacslegacy.org/,"4835 W 10th St, Ste B, Greeley",Non-medical Finan assis to families with a dependent child going through cancer treatment
Zach's Place,719-329-1717,https://sksfcolorado.org/programs/children-family-services/zachs-place/,"4795 Granby Cir, Colorado Springs, CO, 80919","Daycare/respite care for kids with special needs/disabilities, transportation, RN, summer programs, weekend care, before and after school care"